locked,name,emptySlots,longitude,installed,latitude,temporary,@ID,bikesAvailable
false,"River Street , Clerkenwell",10,-0.109970527,true,51.52916347,false,1,9
false,"Phillimore Gardens, Kensington",33,-0.197574246,true,51.49960695,false,2,4
false,"Christopher Street, Liverpool Street",29,-0.084605692,true,51.52128377,false,3,2
false,"St. Chad's Street, King's Cross",6,-0.120973687,true,51.53005939,false,4,16
false,"Sedding Street, Sloane Square",16,-0.156876,true,51.49313,false,5,11
false,"Charlbert Street, St. John's Wood",0,-0.1680743,true,51.53430039,false,7,15
false,"Lodge Road, St. John's Wood",13,-0.170134484,true,51.52834133,false,8,5
false,"New Globe Walk, Bankside",18,-0.096440751,true,51.5073853,false,9,0
false,"Park Street, Bankside",8,-0.092754157,true,51.50597426,false,10,10
false,"Brunswick Square, Bloomsbury",4,-0.122502346,true,51.52395143,false,11,19
false,"Malet Street, Bloomsbury",41,-0.130431727,true,51.52168078,false,12,8
false,"Scala Street, Fitzrovia",20,-0.136039674,true,51.51991453,false,13,0
false,"Belgrove Street , King's Cross",0,-0.123616824,true,51.52994371,false,14,18
false,"Great Russell Street, Bloomsbury",26,-0.127854211,true,51.51772703,false,15,0
false,"Hatton Wall, Holborn",22,-0.109006325,true,51.5216612,false,17,4
false,"Cartwright Gardens , Bloomsbury",8,-0.125979294,true,51.52635795,false,16,12
false,"Taviton Street, Bloomsbury",14,-0.131161087,true,51.52505093,false,19,16
false,"Drury Lane, Covent Garden",24,-0.12221963,true,51.51477076,false,18,3
false,"Hampstead Road (Cartmel), Euston",6,-0.13884627,true,51.53007835,false,21,9
false,"Drummond Street , Euston",11,-0.135273468,true,51.52773634,false,20,16
false,"Red Lion Square, Holborn",15,-0.119123345,true,51.51943538,false,23,0
false,"Northington Street , Holborn",14,-0.114079481,true,51.5222641,false,22,4
false,"Doric Way , Somers Town",11,-0.132250369,true,51.5288338,false,25,17
false,"British Museum, Bloomsbury",34,-0.124678402,true,51.51908011,false,24,1
false,"Bouverie Street, Temple",33,-0.107927706,true,51.51382102,false,27,0
false,"Ampton Street , Clerkenwell",0,-0.11829517,true,51.52728093,false,26,21
false,"Hereford Road, Bayswater",12,-0.193487,true,51.513735,false,29,10
false,"Bolsover Street, Fitzrovia",15,-0.143613641,true,51.52351808,false,28,2
false,"Fanshaw Street, Hoxton",18,-0.083353323,true,51.52953709,false,31,15
false,"Windsor Terrace, Hoxton",13,-0.093421615,true,51.52915444,false,30,11
false,"Pancras Road, King's Cross",10,-0.129386874,true,51.5341235,false,34,6
false,"Leonard Circus , Shoreditch",15,-0.084439283,true,51.52469624,false,32,27
false,"Altab Ali Park, Whitechapel",5,-0.067827542,true,51.51681603,false,33,10
false,"Abingdon Villas, Kensington",4,-0.197245586,true,51.4973875,false,38,13
false,"Shoreditch High Street, Shoreditch",27,-0.078130921,true,51.5263778,false,39,14
false,"De Vere Gardens, Kensington",20,-0.184980612,true,51.50173726,false,36,8
false,"Wenlock Road , Hoxton",2,-0.093903825,true,51.53099181,false,42,25
false,"Crawford Street, Marylebone",10,-0.157183945,true,51.52026,false,43,8
false,"Commercial Street, Shoreditch",11,-0.0755789,true,51.52127071,false,40,5
false,"Sun Street, Liverpool Street",22,-0.083911168,true,51.52001715,false,41,3
false,"Nesham Street, Wapping",4,-0.06691,true,51.507131,false,46,12
false,"Warwick Avenue Station, Maida Vale",1,-0.183846408,true,51.52334476,false,47,18
false,"Bruton Street, Mayfair",11,-0.144165239,true,51.51073687,false,44,0
false,"Harewood Avenue, Marylebone",17,-0.163849118,true,51.52231968,false,45,0
false,"Finsbury Library , Finsbury",28,-0.104298194,true,51.52671796,false,51,1
false,"East Road, Hoxton",13,-0.087459376,true,51.52867339,false,50,14
false,"Curzon Street, Mayfair",13,-0.145904427,true,51.50706909,false,49,3
false,"Godliman Street, St. Paul's",23,-0.099141408,true,51.51248445,false,48,2
false,"Finsbury Circus, Liverpool Street",30,-0.086685542,true,51.51707521,false,55,0
false,"Golden Lane, Barbican",25,-0.094475072,true,51.52174785,false,54,2
false,"Grafton Street, Mayfair",18,-0.143495266,true,51.5099923,false,53,0
false,"Roscoe Street, St. Luke's",8,-0.094934859,true,51.52295439,false,52,10
false,"Rodney Street, Angel",7,-0.114329032,true,51.53176825,false,59,22
false,"New Inn Yard, Shoreditch",20,-0.079248081,true,51.52452699,false,58,0
false,"Guilford Street , Bloomsbury",21,-0.120202614,true,51.52334672,false,57,17
false,"Paddington Street, Marylebone",13,-0.154701411,true,51.52058381,false,56,3
false,"Murray Grove , Hoxton",1,-0.089782579,true,51.53089041,false,63,24
false,"Cotton Garden Estate, Kennington",9,-0.106323685,true,51.4907579,false,62,13
false,"Great Dover Street, Borough",3,-0.089446947,true,51.49738251,false,61,28
false,"Lisson Grove, St. John's Wood",15,-0.172190727,true,51.52644828,false,60,3
false,"Theobalds Road , Holborn",24,-0.116688468,true,51.52059681,false,68,2
false,"Euston Road, Euston",9,-0.134407652,true,51.5262363,false,69,13
false,"Calshot Street , King's Cross",11,-0.117069978,true,51.53136059,false,70,13
false,"Newgate Street , St. Paul's",31,-0.098850915,true,51.5154186,false,71,0
false,"William IV Street, Strand",26,-0.124749274,true,51.50946212,false,64,0
false,"Gower Place , Euston",17,-0.13518856,true,51.52522753,false,65,0
false,"Holborn Circus, Holborn",38,-0.108657431,true,51.51795029,false,66,0
false,"Hatton Garden, Holborn",26,-0.108028472,true,51.51882555,false,67,2
false,"Longford Street, Regent's Park",12,-0.144083893,true,51.52559505,false,76,9
false,"Russell Square Station, Bloomsbury",8,-0.124121774,true,51.52341837,false,77,18
false,"Sadlers Sports Centre, Finsbury",9,-0.099489485,true,51.52486887,false,78,8
false,"Farringdon Lane, Clerkenwell",15,-0.108340165,true,51.52352001,false,72,1
false,"Old Street Station, St. Luke's",33,-0.088486188,true,51.52572618,false,73,2
false,"Vauxhall Cross, Vauxhall",5,-0.124469948,true,51.48591714,false,74,12
false,"Torrens Street, Angel",18,-0.105480698,true,51.53219984,false,75,1
false,"Tanner Street, Bermondsey",2,-0.078600401,true,51.50064702,false,85,13
false,"Breams Buildings, Holborn",24,-0.111778348,true,51.51593725,false,84,1
false,"Devonshire Square, Liverpool Street",15,-0.079684557,true,51.51646835,false,87,1
false,"Sancroft Street, Vauxhall",3,-0.115156562,true,51.48947903,false,86,21
false,"Great Titchfield Street, Fitzrovia",18,-0.141327271,true,51.52025302,false,81,0
false,"Webber Street , Southwark",20,-0.102091246,true,51.50069361,false,80,4
false,"Panton Street, West End",20,-0.131510949,true,51.50963938,false,83,0
false,"Chancery Lane, Holborn",13,-0.111257,true,51.514274,false,82,2
false,"Cloudesley Road, Angel",14,-0.109025404,true,51.53440868,false,93,23
false,"Borough Road, Elephant & Castle",11,-0.100440521,true,51.49889832,false,92,29
false,"Aldersgate Street, Barbican",9,-0.097340162,true,51.5208417,false,95,4
false,"Bricklayers Arms, Borough",7,-0.085814489,true,51.49506109,false,94,21
false,"Tavistock Place, Bloomsbury",1,-0.123509611,true,51.5262503,false,89,17
false,"Bayley Street , Bloomsbury",25,-0.132053392,true,51.51858757,false,88,0
false,"Walnut Tree Walk, Vauxhall",0,-0.111014912,true,51.49368637,false,91,19
false,"Harrington Square, Camden Town",19,-0.139174593,true,51.53301907,false,90,8
false,"Jewry Street, Aldgate",17,-0.076793375,true,51.51340693,false,102,0
false,"Vicarage Gate, Kensington",5,-0.192538767,true,51.50472376,false,103,13
false,"Albert Embankment, Vauxhall",4,-0.122806861,true,51.49043573,false,100,19
false,"Queen Street, Bank",21,-0.0929401,true,51.51155322,false,101,1
false,"Hampstead Road, Euston",20,-0.138231303,true,51.52554222,false,98,33
false,"Old Quebec Street, Marylebone",9,-0.158264483,true,51.51457763,false,99,7
false,"Falkirk Street, Hoxton",23,-0.078505384,true,51.53095071,false,96,2
false,"Gloucester Road (North), Kensington",14,-0.183834706,true,51.49792478,false,97,3
false,"Wellington Road, St. John's Wood",6,-0.172528678,true,51.53304322,false,110,11
false,"Park Lane , Hyde Park",2,-0.157275636,true,51.5100172,false,111,26
false,"Abbey Orchard Street, Westminster",29,-0.132102166,true,51.49812559,false,108,0
false,"Soho Square , Soho",32,-0.132328837,true,51.51563144,false,109,0
false,"Woodstock Street, Mayfair",21,-0.147301667,true,51.51410514,false,106,0
false,"Finsbury Leisure Centre, St. Luke's",2,-0.096317627,true,51.52600832,false,107,18
false,"Crosswall, Tower",33,-0.077121322,true,51.51159481,false,104,0
false,"Westbourne Grove, Bayswater",0,-0.190240716,true,51.51552971,false,105,26
false,"Bath Street, St. Luke's",11,-0.090847761,true,51.52589324,false,119,7
false,"Rochester Row, Westminster",12,-0.13547809,true,51.49582705,false,118,1
false,"Lollard Street, Vauxhall",3,-0.114934001,true,51.49288067,false,117,22
false,"Little Argyll Street, West End",21,-0.141423695,true,51.51449962,false,116,0
false,"Braham Street, Aldgate",34,-0.073537654,true,51.51423368,false,115,0
false,"
      Park Road (Baker Street), Regent's Park
    ",12,-0.158963647,true,51.52451738,false,114,10
false,"
      Gloucester Road (Central), South Kensington
    ",4,-0.183289032,true,51.49646288,false,113,14
false,"Stonecutter Street, Holborn",45,-0.105270275,true,51.51580998,false,112,1
false,"Wood Street, Guildhall",17,-0.09388536,true,51.51700801,false,127,0
false,"Museum of London, Barbican",48,-0.096496865,true,51.51782144,false,126,0
false,"Borough High Street, The Borough",9,-0.094524319,true,51.50069491,false,125,12
false,"Eaton Square, Belgravia",7,-0.150905245,true,51.49654462,false,124,13
false,"St. John Street, Finsbury",9,-0.104724625,true,51.52836014,false,123,9
false,"Norton Folgate, Liverpool Street",22,-0.078869751,true,51.52111369,false,122,1
false,"Baker Street, Marylebone",19,-0.156166631,true,51.51891348,false,121,3
false,"The Guildhall, Guildhall",17,-0.093080779,true,51.51573534,false,120,0
false,"Bourne Street, Belgravia",7,-0.153319609,true,51.49087475,false,137,9
false,"Queen Victoria Street, St. Paul's",31,-0.097441687,true,51.51196176,false,136,1
false,"Lambeth Road, Vauxhall",7,-0.117974901,true,51.49488108,false,139,11
false,"Green Street, Mayfair",15,-0.157436972,true,51.51227622,false,138,4
false,"Chapel Place, Marylebone",29,-0.147203711,true,51.51530805,false,141,0
false,"Finsbury Square , Moorgate",30,-0.085634242,true,51.52096262,false,140,2
false,"Pont Street, Knightsbridge",19,-0.161203828,true,51.4968865,false,143,4
false,"West Cromwell Road, Earl's Court",18,-0.198286569,true,51.49372451,false,142,4
false,"Golden Square, Soho",18,-0.137043852,true,51.5118973,false,129,0
false,"Emperor's Gate, South Kensington",4,-0.185296516,true,51.49536226,false,128,18
false,"Eversholt Street , Camden Town",13,-0.136792671,true,51.53300545,false,131,2
false,"Tower Gardens , Tower",12,-0.075459482,true,51.50950627,false,130,9
false,"Derry Street, Kensington",17,-0.191462381,true,51.50136494,false,133,1
false,"Bethnal Green Road, Shoreditch",35,-0.074754872,true,51.52364804,false,132,0
false,"Clerkenwell Green, Clerkenwell",16,-0.104708922,true,51.52326004,false,135,5
false,"Wapping High Street, Wapping",5,-0.06797,true,51.504904,false,134,15
false,"Hampton Street, Walworth",2,-0.101536865,true,51.49217002,false,152,18
false,"Bayswater Road, Hyde Park",19,-0.174292825,true,51.51183419,false,153,7
false,"Waterloo Station 3, Waterloo",7,-0.11282408,true,51.50379168,false,154,24
false,"Lexham Gardens, Kensington",2,-0.191933711,true,51.49586666,false,155,16
false,"New Kent Road, Borough",1,-0.092921165,true,51.49443626,false,156,32
false,"Wright's Lane, Kensington",37,-0.193068385,true,51.50039792,false,157,0
false,"Trebovir Road, Earl's Court",7,-0.196170309,true,51.49085368,false,158,10
false,"Kennington Cross, Kennington",2,-0.111435796,true,51.48894022,false,144,44
false,"Ilchester Place, Kensington",18,-0.202759212,true,51.50074359,false,145,6
false,"Vauxhall Bridge , Pimlico",7,-0.129361842,true,51.48836528,false,146,28
false,"Portugal Street, Holborn",15,-0.11614642,true,51.51494305,false,147,0
false,"Tachbrook Street, Victoria",1,-0.138364847,true,51.49211134,false,148,15
false,"Kennington Road Post Office, Oval",0,-0.110683213,true,51.48478899,false,149,18
false,"Holy Trinity Brompton, Knightsbridge",21,-0.168917077,true,51.49705603,false,150,7
false,"Chepstow Villas, Notting Hill",16,-0.201554966,true,51.51213691,false,151,8
false,"Collingham Gardens, Earl's Court",0,-0.186753859,true,51.4916156,false,171,14
false,"Hardwick Street, Clerkenwell",19,-0.108068155,true,51.52784273,false,170,11
false,"Porchester Place, Paddington",14,-0.165164288,true,51.51474612,false,169,4
false,"Argyll Road, Kensington",4,-0.195455928,true,51.50040123,false,168,15
false,"Appold Street, Liverpool Street",26,-0.0811189,true,51.52174384,false,175,0
false,"Strand, Strand",36,-0.115163,true,51.512529,false,174,0
false,"Waterloo Roundabout, Waterloo ",3,-0.113001,true,51.50486,false,173,12
false,"Sumner Place, South Kensington",13,-0.173715911,true,51.49121192,false,172,5
false,"Sloane Avenue, Knightsbridge",14,-0.167894973,true,51.4931848,false,163,15
false,"Southampton Place, Holborn",20,-0.121328408,true,51.51760685,false,162,0
false,"Guildhouse Street, Victoria",5,-0.141334487,true,51.49234577,false,161,11
false,"Waterloo Place, St. James's",19,-0.131773845,true,51.50663341,false,160,1
false,"Eccleston Place, Victoria",11,-0.147624377,true,51.49395092,false,167,8
false,"Seville Street, Knightsbridge",13,-0.159237081,true,51.50185512,false,166,14
false,"Orsett Terrace, Bayswater",1,-0.183716959,true,51.517932,false,165,14
false,"Cleveland Gardens, Bayswater",2,-0.183118788,true,51.515607,false,164,14
false,"South Wharf Road, Paddington",9,-0.175810943,true,51.51733558,false,186,5
false,"
      Queen's Gate (South), South Kensington
    ",6,-0.178433004,true,51.49247977,false,187,19
false,"Portland Place, Marylebone",33,-0.14521173,true,51.52071513,false,184,1
false,"Alderney Street, Pimlico",1,-0.140741432,true,51.48805753,false,185,13
false,"Rampayne Street, Pimlico",5,-0.132845681,true,51.48997562,false,190,16
false,"Hyde Park Corner, Hyde Park",3,-0.153520935,true,51.50311799,false,191,21
false,"Nutford Place, Marylebone",17,-0.164393768,true,51.5165179,false,188,1
false,"Claremont Square, Angel",11,-0.109914711,true,51.53166681,false,189,7
false,"Warwick Square, Pimlico",0,-0.141923621,true,51.48985626,false,178,18
false,"Gloucester Terrace, Bayswater",6,-0.188098863,true,51.51791921,false,176,17
false,"Ashley Place, Victoria",14,-0.140947636,true,51.49616092,false,177,11
false,"Bell Street , Marylebone",1,-0.165842551,true,51.52202903,false,182,17
false,"North Audley Street, Mayfair",9,-0.153645496,true,51.5129118,false,180,8
false,"Belgrave Square, Belgravia",3,-0.152317537,true,51.49941247,false,181,18
false,"New Road  2, Whitechapel",5,-0.06275,true,51.518144,false,205,13
false,"Margery Street, Clerkenwell",10,-0.112432615,true,51.52659961,false,204,9
false,"Grosvenor Crescent, Belgravia",14,-0.153194766,true,51.50135267,false,207,4
false,"New Road 1 , Whitechapel",10,-0.062697,true,51.518154,false,206,8
false,"Dorset Square, Marylebone",0,-0.161113413,true,51.5225965,false,201,16
false,"LMU Commercial Road, Whitechapel",2,-0.066078037,true,51.51492456,false,200,12
false,"West Smithfield Rotunda, Farringdon",13,-0.100791005,true,51.51821864,false,203,2
false,"Leman Street, Aldgate",14,-0.06954201,true,51.51236389,false,202,23
false,"Stamford Street, South Bank",5,-0.111606696,true,51.50556905,false,197,21
false,"Union Street, The Borough",9,-0.098497684,true,51.50368837,false,196,8
false,"Great Tower Street, Monument",22,-0.082989638,true,51.51048489,false,199,2
false,"Bankside Mix, Bankside",42,-0.100186337,true,51.50581776,false,193,16
false,"Wardour Street, Soho",14,-0.133201961,true,51.51251523,false,192,0
false,"Milroy Walk, South Bank",15,-0.106237501,true,51.50724437,false,195,15
false,"Hop Exchange, The Borough",15,-0.091773776,true,51.50462759,false,194,41
false,"Chelsea Green, Chelsea",10,-0.166485083,true,51.49066456,false,220,16
false,"Horseferry Road, Westminster",11,-0.13045856,true,51.49481649,false,221,5
false,"Knightsbridge, Hyde Park",35,-0.155349725,true,51.50275704,false,222,8
false,"Rodney Road , Walworth",1,-0.090220911,true,51.49148474,false,223,23
false,"Old Brompton Road, South Kensington",14,-0.181190899,true,51.49094565,false,216,16
false,"Wormwood Street, Liverpool Street",11,-0.082422399,true,51.51615461,false,217,5
false,"St. Luke's Church, Chelsea",12,-0.170194408,true,51.48971651,false,218,8
false,"Bramham Gardens, Earl's Court",6,-0.19039362,true,51.49016361,false,219,21
false,"Campden Hill Road, Notting Hill",13,-0.199004026,true,51.50658458,false,212,4
false,"Wellington Arch, Hyde Park",32,-0.149569201,true,51.50274025,false,213,3
false,"Endsleigh Gardens, Euston",11,-0.130504336,true,51.52683806,false,214,21
false,"Moorfields, Moorgate",52,-0.088285377,true,51.51906932,false,215,0
false,"Mallory Street, Marylebone",14,-0.166304359,true,51.52505151,false,208,6
false,"Denyer Street, Knightsbridge",22,-0.165101392,true,51.49358391,false,209,7
false,"Hinde Street, Marylebone",20,-0.151926305,true,51.51681444,false,210,1
false,"Cadogan Place, Knightsbridge",12,-0.158105512,true,51.49464523,false,211,22
false,"Warren Street Station, Euston",25,-0.138019439,true,51.52443845,false,239,0
false,"Frampton Street, Paddington",12,-0.175116099,true,51.5233534,false,238,20
false,"Vaughan Way, Wapping",10,-0.067176443,true,51.5084448,false,237,41
false,"Fashion Street, Whitechapel",30,-0.073438925,true,51.51838043,false,236,0
false,"Kennington Road  , Vauxhall",1,-0.110889274,true,51.49571828,false,235,35
false,"Liverpool Road (N1 Centre), Angel",13,-0.106992706,true,51.53450449,false,234,11
false,"Pall Mall East, West End",22,-0.130699733,true,51.50777049,false,233,0
false,"Carey Street, Holborn",16,-0.112753217,true,51.51501025,false,232,0
false,"
      Queen's Gate (Central), South Kensington
    ",3,-0.17873226,true,51.49396755,false,231,28
false,"Poured Lines, Bankside",11,-0.103137426,true,51.50669284,false,230,19
false,"Whitehall Place, Strand",21,-0.123179697,true,51.50654321,false,229,3
false,"St. James's Square, St. James's",39,-0.134621209,true,51.50742485,false,228,0
false,"Great Percy Street, Clerkenwell",6,-0.115480888,true,51.52891573,false,227,17
false,"Charles II Street, West End",23,-0.131961389,true,51.50844614,false,226,1
false,"Notting Hill Gate Station, Notting Hill",22,-0.196422,true,51.50935342,false,225,8
false,"Whiteley's, Bayswater",0,-0.188129731,true,51.51476963,false,224,16
false,"Chadwell Street, Angel",10,-0.106408455,true,51.53051587,false,254,7
false,"Clifton Road, Maida Vale",0,-0.179592915,true,51.52557531,false,255,22
false,"Jubilee Gardens, South Bank",18,-0.116542278,true,51.5046364,false,252,11
false,"Shoreditch Park, Hoxton",0,-0.086379717,true,51.53404294,false,253,28
false,"Royal Avenue 1, Chelsea",10,-0.162727,true,51.489932,false,250,0
false,"Brushfield Street, Liverpool Street",32,-0.079249,true,51.518908,false,251,1
false,"Triangle Car Park, Hyde Park",11,-0.170279555,true,51.50645179,false,248,16
false,"Harper Road, Borough",8,-0.096191134,true,51.49859784,false,249,34
false,"Berry Street, Clerkenwell",39,-0.099994052,true,51.52285301,false,246,2
false,"
      St. John's Wood Church, Regent's Park
    ",23,-0.168314,true,51.530052,false,247,27
false,"Earnshaw Street , Covent Garden",18,-0.128585022,true,51.51611887,false,244,0
false,"Grosvenor Road, Pimlico",0,-0.142207481,true,51.4853572,false,245,28
false,"Beaumont Street, Marylebone",21,-0.151359288,true,51.52200801,false,242,1
false,"Gloucester Street, Pimlico",1,-0.139625122,true,51.49096258,false,243,23
false,"Colombo Street, Southwark",12,-0.10569204,true,51.50545935,false,240,3
false,"Barbican Centre, Barbican",17,-0.092176447,true,51.52004497,false,275,2
false,"Warwick Road, Olympia",31,-0.20528437,true,51.49671237,false,274,5
false,"Belvedere Road, South Bank",25,-0.114686385,true,51.50613324,false,273,13
false,"Baylis Road, Waterloo",11,-0.110699309,true,51.50144456,false,272,10
false,"North Wharf Road, Paddington",20,-0.176645823,true,51.51862243,false,279,5
false,"Tooley Street, Bermondsey",8,-0.07962099,true,51.5034938,false,278,9
false,"Kensington Church Street, Kensington",10,-0.191496313,true,51.50315739,false,277,5
false,"Lower Thames Street, Monument",22,-0.084985356,true,51.50930161,false,276,2
false,"Kingsway, Covent Garden",13,-0.118478757,true,51.51440928,false,283,3
false,"Royal London Hospital, Whitechapel",29,-0.059642081,true,51.51906446,false,282,12
false,"Smith Square, Westminster",18,-0.127575233,true,51.49580589,false,281,0
false,"Royal Avenue 2, Chelsea",9,-0.162418,true,51.490083,false,280,1
false,"Bedford Way, Bloomsbury",12,-0.128377673,true,51.52367314,false,287,11
false,"
      St. John's Wood Road, St. John's Wood
    ",21,-0.174653609,true,51.5272947,false,286,13
false,"Lambeth North Station, Waterloo",9,-0.112031483,true,51.49914063,false,284,10
false,"Kensington Gore, Knightsbridge",19,-0.178656971,true,51.50143293,false,258,4
false,"Embankment (Horse Guards), Westminster",20,-0.123247648,true,51.50494561,false,259,9
false,"Houghton Street, Strand",15,-0.116764211,true,51.51362054,false,256,0
false,"Westminster University, Marylebone",15,-0.154907218,true,51.52248185,false,257,1
false,"
      LSBU (Borough Road), Elephant & Castle
    ",11,-0.103132904,true,51.49874469,false,262,24
false,"St. Mary Axe, Aldgate",17,-0.080660083,true,51.51422502,false,263,3
false,"Broadwick Street, Soho",18,-0.135580879,true,51.5136846,false,260,0
false,"Princes Square, Bayswater",0,-0.191351186,true,51.5134891,false,261,16
false,"Queen's Gate (North), Kensington",14,-0.180246101,true,51.50102668,false,266,5
false,"Regency Street, Westminster",0,-0.132224622,true,51.49206037,false,267,21
false,"Tysoe Street, Clerkenwell",9,-0.109256828,true,51.52644342,false,264,11
false,"Southwick Street, Paddington",2,-0.169249375,true,51.51595344,false,265,15
false,"Kennington Lane Rail Bridge, Vauxhall",3,-0.122492418,true,51.4863434,false,270,32
false,"London Zoo, Regents Park",24,-0.156285395,true,51.53583617,false,271,6
false,"Belgrave Road, Victoria",0,-0.144132875,true,51.49320445,false,268,28
false,"Empire Square, The Borough",6,-0.089740764,true,51.50082346,false,269,39
false,"Kennington Lane Tesco, Vauxhall",0,-0.115853961,true,51.48677988,false,305,15
false,"Cumberland Gate, Hyde Park",4,-0.16209757,true,51.51211869,false,304,14
false,"Black Lion Gate, Kensington Gardens",3,-0.187842717,true,51.50990837,false,307,20
false,"Rathbone Street, Fitzrovia ",15,-0.135025698,true,51.51816295,false,306,0
false,"Embankment (Savoy), Strand",35,-0.119047563,true,51.50963123,false,309,6
false,"Long Lane , Bermondsey",1,-0.085666316,true,51.49907558,false,308,17
false,"Foley Street, Fitzrovia",21,-0.140485596,true,51.51918144,false,311,3
false,"Black Prince Road, Vauxhall",3,-0.116911864,true,51.4908679,false,310,15
false,"Wells Street, Fitzrovia ",37,-0.138072691,true,51.51734403,false,313,0
false,"Grove End Road, St. John's Wood",11,-0.176770502,true,51.53088935,false,312,9
false,"The Tennis Courts, Regent's Park",8,-0.153463612,true,51.52536703,false,315,7
false,"Tyers Gate, Bermondsey",3,-0.083159352,true,51.50088934,false,314,33
false,"Dickens Square, Borough",7,-0.093913472,true,51.49679128,false,317,23
false,"Cardinal Place, Victoria",13,-0.141943703,true,51.49768448,false,316,11
false,"Baldwin Street, St. Luke's",17,-0.088542771,true,51.52702563,false,319,4
false,"Sackville Street, Mayfair",17,-0.138846453,true,51.51004801,false,318,0
false,"Elizabeth Bridge, Victoria",0,-0.147478734,true,51.49236962,false,288,34
false,"South Audley Street, Mayfair",14,-0.151296092,true,51.50923022,false,289,1
false,"Winsland Street, Paddington",2,-0.175488803,true,51.51678023,false,290,13
false,"Claverton Street, Pimlico",1,-0.138089062,true,51.48483991,false,291,30
false,"Montpelier Street, Knightsbridge",9,-0.165471605,true,51.49888404,false,292,7
false,"Kensington Olympia Station, Olympia",12,-0.209494128,true,51.49815779,false,293,13
false,"St. George's Square, Pimlico",3,-0.135635511,true,51.488226,false,294,13
false,"Swan Street, The Borough",1,-0.092762704,true,51.50029631,false,295,25
false,"Knaresborough Place, Earl's Court",0,-0.190603326,true,51.49363156,false,296,18
false,"Geraldine Street, Elephant & Castle",6,-0.106000855,true,51.49612799,false,297,10
false,"Curlew Street, Shad Thames",0,-0.074189225,true,51.50227992,false,298,18
false,"Vincent Square, Westminster",4,-0.136928582,true,51.49398524,false,299,15
false,"Serpentine Car Park, Hyde Park",6,-0.172729559,true,51.50501351,false,300,2
false,"Marylebone Lane, Marylebone",24,-0.148105415,true,51.51475963,false,301,0
false,"Albert Gate, Hyde Park",5,-0.158456089,true,51.50295379,false,303,19
false,"London Zoo Car Park, Regent's Park",1,-0.150181444,true,51.53692216,false,343,34
false,"Craven Street, Strand",22,-0.12602103,true,51.50810309,false,341,1
false,"Bank of England Museum, Bank",16,-0.087587447,true,51.51444134,false,340,0
false,"Risinghill Street, Angel",1,-0.111781191,true,51.5333196,false,339,23
false,"Wellington Street , Strand",13,-0.119643424,true,51.51175646,false,338,1
false,"Pembridge Villas, Notting Hill",11,-0.197524944,true,51.51108452,false,337,4
false,"Concert Hall Approach 2, South Bank",7,-0.115533,true,51.504942,false,336,11
false,"Macclesfield Rd, St Lukes",2,-0.097122,true,51.529423,false,351,25
false,"Queen's Gate, Kensington Gardens",8,-0.1798541843891,true,51.5017154373867,false,350,11
false,"St. George Street, Mayfair",18,-0.142783033,true,51.51196,false,349,0
false,"Grosvenor Square, Mayfair",14,-0.150481272,true,51.51217033,false,348,3
false,"Lower Marsh, Waterloo",14,-0.113936001,true,51.50013942,false,347,2
false,"Flood Street, Chelsea",17,-0.166878535,true,51.48802358,false,345,1
false,"Goswell Road (City Uni), Finsbury",4,-0.10102611,true,51.528246,false,344,13
false,"Graham Street, Angel",3,-0.099981142,true,51.53266186,false,326,23
false,"New North Road 1, Hoxton",6,-0.086016,true,51.53114,false,327,16
false,"Ontario Street, Elephant & Castle",0,-0.101384068,true,51.49652013,false,324,15
false,"St. Martin's Street, West End",14,-0.129697889,true,51.50908747,false,325,4
false,"Palissy Street, Shoreditch",6,-0.073955,true,51.526293,false,322,20
false,"Clifton Street, Shoreditch",21,-0.083067,true,51.523196,false,323,3
false,"Queen Mother Sports Centre, Victoria",16,-0.139956043,true,51.49357351,false,320,9
false,"Bermondsey Street, Bermondsey",3,-0.081608045,true,51.49785559,false,321,19
false,"Concert Hall Approach 1, South Bank",4,-0.115851,true,51.505044,false,334,6
false,"Tavistock Street, Covent Garden",33,-0.120718759,true,51.51196803,false,335,0
false,"Nevern Place, Earl's Court",4,-0.194757949,true,51.49334336,false,332,14
false,"Palace Gardens Terrace, Notting Hill",26,-0.193764092,true,51.50860544,false,333,9
false,"Eastbourne Mews, Paddington",25,-0.179135079,true,51.51641749,false,330,8
false,"Bunhill Row, Moorgate",29,-0.089887855,true,51.52085887,false,331,0
false,"New North Road 2, Hoxton",5,-0.085603,true,51.53095,false,328,17
false,"Prince Albert Road, Regent's Park",3,-0.160854428,true,51.53589283,false,329,21
false,"Prince Consort Road, Knightsbridge",18,-0.176415994,true,51.49980661,false,373,0
false,"Sardinia Street, Holborn",23,-0.117863,true,51.515208,false,372,0
false,"Kensington Town Hall, Kensington",17,-0.194392952,true,51.50194596,false,375,1
false,"Waterloo Station 1, Waterloo",5,-0.11386435,true,51.50402793,false,374,31
false,"Harriet Street, Knightsbridge",20,-0.15934065,true,51.50024195,false,368,4
false,"King Edward Walk, Waterloo",8,-0.10988,true,51.49775,false,371,14
false,"Paddington Green, Paddington",0,-0.174593,true,51.520205,false,370,20
false,"Charlotte Street, Fitzrovia",14,-0.13577731,true,51.51953043,false,381,0
false,"Stanhope Gate, Mayfair",19,-0.150666888,true,51.50686435,false,380,1
false,"Frith Street, Soho",18,-0.13121385,true,51.51310333,false,383,0
false,"Farm Street, Mayfair",15,-0.14744969,true,51.50935171,false,382,0
false,"Waterloo Bridge, South Bank",3,-0.113656543,true,51.50535447,false,377,10
false,"Millbank House, Pimlico",15,-0.125674815,true,51.49188409,false,376,9
false,"Turquoise Island, Notting Hill",3,-0.200838199,true,51.51431171,false,379,17
false,"Natural History Museum, South Kensington",17,-0.179077626,true,51.49559291,false,378,24
false,"
      South Kensington Station, South Kensington
    ",12,-0.173881,true,51.494412,false,356,3
false,"Howland Street, Fitzrovia",30,-0.139016,true,51.520994,false,357,0
false,"High Holborn , Covent Garden",17,-0.124332175,true,51.51643491,false,358,0
false,"Butler Place, Westminster",12,-0.135440826,true,51.49782999,false,359,5
false,"Vauxhall Street, Vauxhall",10,-0.116625,true,51.486965,false,352,9
false,"Greycoat Street , Westminster",10,-0.134234258,true,51.49459148,false,353,7
false,"Northumberland Avenue, Strand",33,-0.123702,true,51.506767,false,354,4
false,"Oval Way, Lambeth",3,-0.117286,true,51.486575,false,355,18
false,"Alfred Place, Bloomsbury",41,-0.132339,true,51.519656,false,364,0
false,"City Road, Angel",2,-0.100168,true,51.530344,false,365,43
false,"Millennium Hotel, Mayfair",27,-0.1511263847351,true,51.5109192966489,false,366,0
false,"Harrowby Street, Marylebone",11,-0.1642075,true,51.5173721,false,367,5
false,"Howick Place, Westminster",21,-0.138733562,true,51.49675303,false,360,7
false,"Waterloo Station 2, Waterloo",9,-0.11342628,true,51.50391972,false,361,46
false,"Royal College Street, Camden Town",33,-0.133952,true,51.536264,false,362,24
false,"Lord's, St. John's Wood",20,-0.171185284853,true,51.5291212008901,false,363,4
false,"Edgware Road Station, Paddington",13,-0.169774,true,51.519968,false,410,50
false,"Walworth Road, Southwark",1,-0.09968067,true,51.49337264,false,411,28
false,"
      Paddington Green Police Station, Paddington
    ",8,-0.170704337,true,51.51994326,false,408,32
false,"Strata, Southwark",9,-0.099828,true,51.493146,false,409,12
false,"Cleaver Street, Kennington",1,-0.110121,true,51.488105,false,412,16
false,"Penfold Street, Marylebone",13,-0.171681991,true,51.52289229,false,402,2
false,"George Place Mews, Marylebone",16,-0.158249929,true,51.51689296,false,403,0
false,"George Street, Marylebone",14,-0.154106,true,51.517703,false,400,11
false,"Columbia Road, Weavers",24,-0.075375,true,51.528187,false,401,0
false,"Speakers' Corner 2, Hyde Park",3,-0.159988,true,51.512303,false,406,19
false,"Speakers' Corner 1, Hyde Park",4,-0.160785,true,51.51222,false,407,16
false,"Palace Gate, Kensington Gardens",2,-0.184400221,true,51.50204238,false,404,10
false,"
      Gloucester Road Station, South Kensington
    ",4,-0.18267094,true,51.49418566,false,405,11
false,"Cadogan Gardens, Sloane Square",10,-0.159919,true,51.492462,false,395,5
false,"Aberdeen Place, St. John's Wood",0,-0.176268,true,51.524826,false,394,18
false,"Snow Hill, Farringdon",14,-0.103604248,true,51.51733427,false,393,1
false,"Imperial College, Knightsbridge",6,-0.179702476,true,51.49942855,false,392,15
false,"Brick Lane Market, Shoreditch",23,-0.071653961,true,51.52261762,false,399,1
false,"Holland Park, Kensington",22,-0.200742,true,51.502319,false,398,7
false,"Devonshire Terrace, Bayswater",5,-0.17977,true,51.51348,false,397,11
false,"Shouldham Street, Marylebone",13,-0.163609,true,51.51809,false,396,3
false,"Fire Brigade Pier, Vauxhall",16,-0.121394101,true,51.49369988,false,387,14
false,"Moor Street, Soho",13,-0.130110822,true,51.51352755,false,386,0
false,"Marloes Road, Kensington",7,-0.192404,true,51.496481,false,384,8
false,"Clifford Street, Mayfair",27,-0.142345694,true,51.51066202,false,391,0
false,"Buxton Street 1, Bangla Town",40,-0.068856,true,51.521776,false,390,1
false,"Upper Grosvenor Street, Mayfair",18,-0.155757901,true,51.51013066,false,389,0
false,"Southampton Street, Strand",13,-0.121723604,true,51.51070161,false,388,0
false,"Kennington Oval, Oval",6,-0.113134,true,51.483145,false,440,27
false,"Sail Street, Vauxhall",10,-0.114605,true,51.495656,false,441,14
false,"Walmer Road, Notting Hill",15,-0.211358,true,51.510101,false,442,9
false,"Philpot Street, Whitechapel",20,-0.058641,true,51.515256,false,443,9
false,"Bethnal Green Gardens, Bethnal Green",19,-0.055312,true,51.52568,false,444,5
false,"Cheshire Street, Bethnal Green",2,-0.065076,true,51.52388,false,445,26
false,"York Hall, Bethnal Green",12,-0.055894,true,51.528936,false,446,15
false,"Jubilee Crescent, Cubitt Town",37,-0.007542,true,51.493381,false,447,16
false,"Exhibition Road Museums, Knightsbridge",16,-0.173894,true,51.496957,false,432,5
false,"Wren Street, Holborn",4,-0.116279,true,51.524564,false,433,28
false,"Kennington Station, Kennington",10,-0.105593,true,51.488852,false,435,11
false,"Red Lion Street, Holborn",36,-0.11655,true,51.51824,false,436,0
false,"Vauxhall Walk, Vauxhall",6,-0.120903,true,51.488124,false,437,21
false,"Killick Street, Kings Cross",1,-0.118677,true,51.5338,false,439,21
false,"Harrington Square 2, Camden Town",7,-0.139159,true,51.533379,false,425,30
false,"Ebury Bridge, Pimlico",13,-0.149186,true,51.490491,false,424,15
false,"Cheapside, Bank",41,-0.09294031,true,51.51397065,false,427,2
false,"Vincent Street, Pimlico",0,-0.129925,true,51.493072,false,426,17
false,"Exhibition Road, South Kensington",19,-0.174554,true,51.499917,false,428,0
false,"Crinan Street, King's Cross",13,-0.122203,true,51.534474,false,431,7
false,"South Parade, Chelsea",15,-0.17524,true,51.48902,false,430,2
false,"Chelsea Bridge, Pimlico",10,-0.149004,true,51.485821,false,419,4
false,"Southwark Station 2, Southwark",16,-0.104778,true,51.504044,false,421,29
false,"Southwark Station 1, Southwark",0,-0.105312,true,51.504043,false,420,37
false,"Eaton Square (South), Belgravia",19,-0.15393398,true,51.49456127,false,423,12
false,"Stepney Green Station, Stepney",7,-0.04667,true,51.521889,false,478,11
false,"Pott Street, Bethnal Green",3,-0.058005,true,51.527152,false,479,17
false,"Stebondale Street, Cubitt Town",7,-0.009205,true,51.489096,false,476,22
false,"Spindrift Avenue, Millwall",2,-0.018716,true,51.49109,false,477,34
false,"Castalia Square, Cubitt Town",22,-0.011457,true,51.498125,false,474,17
false,"Lightermans Road, Millwall",38,-0.020157,true,51.499041,false,475,19
false,"Malmesbury Road, Bow",9,-0.027616,true,51.529452,false,472,12
false,"Millharbour, Millwall",4,-0.019355,true,51.496137,false,473,15
false,"Mostyn Grove, Bow",18,-0.025492,true,51.530535,false,470,28
false,"Hewison Street, Old Ford",0,-0.028155,true,51.533283,false,471,17
false,"Cantrell Road, Bow",7,-0.022694,true,51.521564,false,468,17
false,"Lindfield Street, Poplar",20,-0.020467,true,51.513757,false,469,24
false,"Whiston Road, Haggerston",1,-0.076341,true,51.534464,false,466,19
false,"Southern Grove, Bow",2,-0.030556,true,51.523538,false,467,15
false,"St. Mary and St. Michael Church, Stepney",18,-0.052099,true,51.51417,false,464,7
false,"Pitfield Street (North),Hoxton",0,-0.08249,true,51.53558,false,465,27
false,"Thurtle Road, Haggerston",8,-0.071881,true,51.534776,false,463,14
false,"Bonny Street, Camden Town",0,-0.138853,true,51.541603,false,462,45
false,"Aston Street, Stepney",7,-0.038775,true,51.516,false,461,19
false,"Burdett Road, Mile End",11,-0.029138,true,51.516196,false,460,22
false,"Wapping Lane, Wapping",0,-0.057544,true,51.504749,false,458,28
false,"Castlehaven Road, Camden Town",6,-0.145393,true,51.542138,false,457,23
false,"Parkway, Camden Town",15,-0.144664,true,51.538071,false,456,16
false,"East Ferry Road, Cubitt Town",3,-0.014409,true,51.49447,false,455,14
false,"Napier Avenue, Millwall",1,-0.021582,true,51.487679,false,454,19
false,"Garnet Street, Shadwell",7,-0.055167,true,51.508447,false,453,17
false,"St Katharines Way, Tower",17,-0.070542,true,51.505697,false,452,7
false,"Hermitage Court, Wapping",0,-0.063531,true,51.504719,false,451,16
false,"Jubilee Street, Stepney",15,-0.053177,true,51.515975,false,450,13
false,"Shadwell Station, Shadwell",8,-0.057159,true,51.511088,false,449,27
false,"Fishermans Walk West, Canary Wharf",34,-0.02296,true,51.50623,false,448,2
false,"Fournier Street, Whitechapel",16,-0.074431,true,51.519362,false,508,0
false,"Fore Street, Guildhall",19,-0.090075,true,51.517842,false,509,0
false,"Westferry DLR, Limehouse",23,-0.025996,true,51.509303,false,510,14
false,"Sutton Street, Shadwell",15,-0.053558,true,51.511066,false,511,17
false,"St John's Park, Cubitt Town",16,-0.009506,true,51.496454,false,504,14
false,"Ackroyd Drive, Bow",2,-0.026768,true,51.520398,false,505,27
false,"Bell Lane, Liverpool Street",21,-0.075855,true,51.517475,false,506,2
false,"Clarkson Street, Bethnal Green",9,-0.059091,true,51.528692,false,507,22
false,"Sidney Street, Stepney",8,-0.055731,true,51.519806,false,500,33
false,"Cephas Street, Bethnal Green",3,-0.054883,true,51.522561,false,501,21
false,"South Quay West, Canary Wharf",38,-0.022702,true,51.502635,false,502,22
false,"Cleveland Way, Bethnal Green",18,-0.051394,true,51.520893,false,503,18
false,"Devons Road, Bow",3,-0.015578,true,51.52512,false,496,36
false,"Coborn Street, Mile End",1,-0.028619,true,51.526535,false,497,25
false,"Bow Road Station, Bow",22,-0.025296,true,51.527058,false,498,20
false,"Furze Green, Bow",10,-0.021345,true,51.519265,false,499,26
false,"The Green Bridge, Mile End",24,-0.03562,true,51.524677,false,492,39
false,"Bow Church Station, Bow",0,-0.018703,true,51.528169,false,495,37
false,"South Quay East, Canary Wharf",26,-0.016251,true,51.50196,false,494,10
false,"Christian Street, Whitechapel",1,-0.064094,true,51.513074,false,489,33
false,"Reardon Street, Wapping",0,-0.058681,true,51.506946,false,488,22
false,"Queen Marys, Mile End",30,-0.041378,true,51.522507,false,491,15
false,"Pennington Street, Wapping",31,-0.065006,true,51.508622,false,490,14
false,"Old Ford Road, Bethnal Green",0,-0.048017,true,51.531127,false,485,24
false,"Bromley High Street, Bromley",17,-0.013258,true,51.528828,false,484,7
false,"Canton Street, Poplar",2,-0.025626,true,51.511811,false,487,21
false,"Granby Street, Shoreditch",1,-0.069543,true,51.525645,false,486,36
false,"Saunders Ness Road, Cubitt Town",14,-0.009001,true,51.487129,false,481,21
false,"Flamborough Street, Limehouse",4,-0.0389866,true,51.5128711,false,480,21
false,"Albert Gardens, Stepney",4,-0.047784,true,51.51328,false,483,29
false,"Thornfield House, Poplar",15,-0.02377,true,51.509843,false,482,11
false,"Harford Street, Mile End",13,-0.039264,true,51.521564,false,550,10
false,"Montgomery Square, Canary Wharf",21,-0.016233,true,51.503447,false,551,18
false,"
      Westminster Bridge Road, Elephant & Castle
    ",14,-0.107913,true,51.498386,false,548,12
false,"Gaywood  Street, Elephant & Castle",3,-0.104193,true,51.49605,false,549,41
false,"New Fetter Lane, Holborn",21,-0.107987,true,51.517428,false,546,0
false,"East India DLR, Blackwall",2,-0.002275,true,51.509474,false,547,48
false,"Percival Street, Finsbury",11,-0.102208,true,51.526153,false,544,10
false,"Arlington Road, Camden Town",13,-0.145246,true,51.539957,false,545,10
false,"Page Street, Westminster",15,-0.127554,true,51.493978,false,558,8
false,"Abbotsbury Road, Holland Park",15,-0.205991,true,51.501391,false,559,9
false,"Heron Quays DLR, Canary Wharf",18,-0.021596,true,51.502661,false,556,8
false,"King Edward Street, St Pauls",15,-0.0985,true,51.51601,false,557,4
false,"Aberfeldy Street, Poplar",5,-0.005659,true,51.513548,false,554,11
false,"
      Westfield Eastern Access Road, Shepherd's Bush
    ",40,-0.219712,true,51.509424,false,555,15
false,"Watney Street, Shadwell",13,-0.056667,true,51.511542,false,552,14
false,"Regent's Row , Haggerston ",2,-0.062546,true,51.535678,false,553,21
false,"Westfield Ariel Way, White City",26,-0.224103,true,51.509158,false,566,16
false,"Selby Street, Whitechapel",13,-0.063386,true,51.521905,false,565,4
false,"Somerset House, Strand",20,-0.117619,true,51.509943,false,564,20
false,"Preston's Road, Cubitt Town",6,-0.009152,true,51.499286,false,563,20
false,"Bury Place, Holborn",21,-0.12335,true,51.51746,false,562,0
false,"Rectory Square, Stepney",1,-0.043371,true,51.518369,false,561,20
false,"Ladbroke Grove Central, Notting Hill",16,-0.205921,true,51.511624,false,560,5
false,"Eagle Wharf Road, Hoxton",4,-0.09315,true,51.53356,false,574,40
false,"Limerston Street, Chelsea",9,-0.18119,true,51.485587,false,573,9
false,"Greenland Road, Camden Town",6,-0.141728,true,51.539099,false,572,29
false,"
      Westfield Southern Terrace ,Shepherd's Bush
    ",3,-0.218337,true,51.506256,false,571,25
false,"Upper Bank Street, Canary Wharf",29,-0.017676,true,51.503083,false,570,7
false,"Pitfield Street Central, Hoxton",2,-0.08299,true,51.53213,false,569,20
false,"Bishop's Bridge Road West, Bayswater",3,-0.18697,true,51.51616,false,568,15
false,"Chrisp Street Market, Poplar",2,-0.014438,true,51.5112,false,516,16
false,"Ford Road, Old Ford",2,-0.033085,true,51.532513,false,517,16
false,"Antill Road, Mile End",1,-0.037471,true,51.528224,false,518,29
false,"Teviot Street, Poplar",8,-0.011662,true,51.518811,false,519,25
false,"Pritchard's Road, Bethnal Green",3,-0.06142,true,51.532091,false,512,26
false,"Watney Market, Stepney",28,-0.055656,true,51.5142228,false,513,23
false,"Portman Square, Marylebone",14,-0.155525,true,51.516204,false,514,3
false,"Russell Gardens, Holland Park",2,-0.211316,true,51.500088,false,515,22
false,"Lancaster Gate , Bayswater",21,-0.179668,true,51.511654,false,524,16
false,"Churchill Place, Canary Wharf",11,-0.014293,true,51.504714,false,525,7
false,"Lancaster Drive, Blackwall",24,-0.008428,true,51.503143,false,526,3
false,"Hansard Mews, Shepherds Bush",13,-0.215808,true,51.503802,false,527,7
false,"Bancroft Road, Bethnal Green",6,-0.047218,true,51.526041,false,520,14
false,"Driffield Road, Old Ford",0,-0.037366,true,51.534137,false,521,19
false,"Clinton Road, Mile End",17,-0.036017,true,51.525941,false,522,19
false,"Langdon Park, Poplar",13,-0.013475,true,51.51549,false,523,11
false,"Wellington Row, Bethnal Green",18,-0.069743,true,51.528222,false,533,15
false,"Jubilee Plaza, Canary Wharf",58,-0.020068,true,51.50357,false,532,5
false,"Gloucester Avenue, Camden Town",6,-0.147154,true,51.537349,false,535,18
false,"Goldsmiths Row, Haggerston",1,-0.066035,true,51.531864,false,534,26
false,"Manresa Road, Chelsea",18,-0.170983,true,51.486892,false,529,0
false,"Clarges Street, West End",15,-0.145827,true,51.507326,false,528,1
false,"Twig Folly Bridge, Mile End",10,-0.042744,true,51.530326,false,531,11
false,"Newby Place, Poplar",0,-0.012413,true,51.508896,false,530,17
false,"Green Park Station, West End",26,-0.142844,true,51.506613,false,541,2
false,"Albany Street, Regent's Park",1,-0.144466,true,51.528302,false,540,26
false,"Lansdowne Walk, Notting Hill",6,-0.204666,true,51.509591,false,543,15
false,"Salmon Lane, Limehouse",5,-0.033828,true,51.514115,false,542,27
false,"Old Montague Street, Whitechapel",8,-0.067937,true,51.51793,false,537,10
false,"Queensbridge Road, Haggerston",13,-0.06992,true,51.53385,false,536,21
false,"Hoxton Station, Haggerston",4,-0.075901,true,51.531091,false,539,18
false,"Naval Row, Blackwall",4,-0.00699,true,51.508981,false,538,17
false,"Danvers Street, West Chelsea",13,-0.172078187,true,51.48256792,false,610,8
false,"Princedale Road , Holland Park",13,-0.208486599,true,51.50646524,false,611,7
false,"Colet Gardens, Hammersmith",26,-0.216493,true,51.491093,false,608,4
false,"Sugden Road, Battersea",3,-0.157788279,true,51.46512358,false,609,15
false,"Bradmead, Nine Elms",6,-0.144690541,true,51.47817208,false,614,34
false,"Finlay Street, Fulham",0,-0.215895601,true,51.4768851,false,615,18
false,"
      Wandsworth Rd, Isley Court, Wandsworth Road
    ",3,-0.141812513,true,51.46925984,false,612,27
false,"Woodstock Grove, Shepherd's Bush",18,-0.217400093,true,51.50403821,false,613,6
false,"Eel Brook Common, Walham Green",11,-0.193254007,true,51.47625965,false,618,12
false,"Irene Road, Parsons Green",42,-0.197010096,true,51.4737636,false,619,1
false,"Aintree Street, Fulham",1,-0.209973497,true,51.48102131,false,616,23
false,"Elysium Place, Fulham",13,-0.207842908,true,51.47107905,false,617,8
false,"Lansdowne Road, Ladbroke Grove",19,-0.205535908,true,51.50748124,false,622,10
false,"Nantes Close, Wandsworth",2,-0.180791784,true,51.46193072,false,623,19
false,"Surrey Lane, Battersea",2,-0.167160736,true,51.47518024,false,620,26
false,"Wandsworth Town Station, Wandsworth",13,-0.187427294,true,51.46086446,false,621,19
false,"Holden Street, Battersea",0,-0.158230901,true,51.4687905,false,627,20
false,"Normand Park, Fulham",0,-0.20481514,true,51.48438657,false,626,23
false,"Queen's Circus, Battersea Park",10,-0.149551631,true,51.47761941,false,625,17
false,"Courland Grove, Wandsworth Road",0,-0.132102704,true,51.4729184,false,624,40
false,"Battersea Park Road, Nine Elms",18,-0.141770709,true,51.4795017,false,631,9
false,"Clarence Walk, Stockwell",2,-0.126994068,true,51.47073264,false,630,26
false,"Morie Street, Wandsworth",3,-0.190184054,true,51.45995384,false,629,25
false,"William Morris Way, Sands End",3,-0.184318843,true,51.46881971,false,628,22
false,"Greyhound Road, Hammersmith",9,-0.214428378,true,51.48606206,false,635,28
false,"Brook Green South, Brook Green",23,-0.215804559,true,51.49434708,false,634,9
false,"Vereker Road, West Kensington",19,-0.209378594,true,51.48959104,false,633,13
false,"Sheepcote Lane, Battersea",0,-0.163041605,true,51.47053858,false,632,27
false,"Coomer Place, West Kensington",1,-0.202038682,true,51.48357068,false,639,26
false,"Falcon Road, Clapham Junction",9,-0.169821175,true,51.46663393,false,638,19
false,"Spencer Park, Wandsworth Common",7,-0.174691623,true,51.45787019,false,637,18
false,"South Park, Sands End",26,-0.193502076,true,51.46706414,false,636,2
false,"Alpha Grove, Millwall",12,-0.022793,true,51.497304,false,576,11
false,"Globe Town Market, Bethnal Green",11,-0.047548,true,51.528869,false,577,9
false,"Hollybush Gardens, Bethnal Green",5,-0.057133,true,51.527607,false,578,23
false,"Queen Street 2, Bank",36,-0.093051,true,51.511246,false,579,0
false,"Doddington Grove, Kennington",7,-0.102996299,true,51.48692917,false,580,29
false,"New Cavendish Street, Marylebone",17,-0.147983,true,51.519167,false,581,0
false,"Abingdon Green, Great College Street",17,-0.125978,true,51.497622,false,583,2
false,"Ilchester Gardens, Bayswater",6,-0.19096,true,51.51244,false,584,15
false,"Mudchute DLR, Cubitt Town",23,-0.014582,true,51.490645,false,586,8
false,"Monument Street, Monument",21,-0.08497,true,51.50964,false,587,1
false,"Hoxton Street, Hoxton",1,-0.0801,true,51.52959,false,588,26
false,"Drayton Gardens, Chelsea",3,-0.179369,true,51.487196,false,589,15
false,"Greenberry Street, St.John's Wood",20,-0.16862,true,51.53256,false,590,6
false,"
      Westfield Library Corner, Shepherd's Bush
    ",23,-0.2242237,true,51.506093,false,591,4
false,"Northdown Street, King's Cross",1,-0.11934,true,51.531066,false,593,20
false,"Bishop's Bridge Road East, Bayswater",5,-0.18377,true,51.5171,false,592,15
false,"Hammersmith Road, Hammersmith",11,-0.21985,true,51.493267,false,595,3
false,"Kingsway Southbound, Strand",32,-0.117774,true,51.513875,false,594,1
false,"Fulham Park Road, Fulham",11,-0.20782,true,51.473471,false,597,16
false,"Parson's Green , Parson's Green",17,-0.199783,true,51.472817,false,596,3
false,"Manbre Road, Hammersmith",18,-0.223616,true,51.485743,false,599,9
false,"Southerton Road, Hammersmith",33,-0.228188,true,51.494499,false,598,5
false,"BBC White City, White City",30,-0.225787,true,51.514767,false,601,6
false,"South Lambeth Road, Vauxhall",0,-0.124642,true,51.481747,false,600,21
false,"Caldwell Street, Stockwell",5,-0.116493,true,51.477839,false,603,38
false,"Union Grove, Wandsworth Road",4,-0.133972,true,51.472993,false,602,41
false,"Seymour Place, Marylebone",21,-0.163667,true,51.520331,false,605,8
false,"St Martin's Close, Camden Town",4,-0.138535,true,51.538792,false,604,13
false,"Putney Bridge Station, Fulham",14,-0.210279,true,51.468814,false,607,7
false,"Addison Road, Holland Park",19,-0.210941,true,51.504199,false,606,7
false,"Maclise Road, Olympia",6,-0.21145598,true,51.49760804,false,687,20
false,"Beryl Road, Hammersmith",4,-0.222456468,true,51.48814438,false,686,22
false,"Osiers Road, Wandsworth",19,-0.198735357,true,51.46067005,false,685,11
false,"Neville Gill Close, Wandsworth",16,-0.195197203,true,51.45475251,false,684,16
false,"Dorothy Road, Clapham Junction",2,-0.163750945,true,51.46506424,false,683,26
false,"Crisp Road, Hammersmith",30,-0.22660621,true,51.48810829,false,682,16
false,"Bishop's Avenue, Fulham",13,-0.214749808,true,51.47303687,false,681,32
false,"Westbridge Road, Battersea",0,-0.170329317,true,51.47768469,false,680,27
false,"Orbel Street, Battersea",11,-0.170210533,true,51.47453545,false,679,15
false,"Esmond Street, Putney",0,-0.211468596,true,51.46231278,false,678,29
false,"Heath Road, Battersea",10,-0.146544642,true,51.46866929,false,677,17
false,"Hartington Road, Stockwell",2,-0.126874471,true,51.47787084,false,676,32
false,"Usk Road, Battersea",20,-0.182126248,true,51.46348914,false,675,10
false,"Carnegie Street, King's Cross",24,-0.11619105,true,51.53546778,false,674,16
false,"Hibbert Street, Battersea",15,-0.18038939,true,51.46517078,false,673,21
false,"Grant Road Central, Clapham Junction",19,-0.173656546,true,51.4646884,false,672,9
false,"Durant Street, Bethnal Green",14,-0.065550321,true,51.52868155,false,702,10
false,"St. Bride Street, Holborn",24,-0.10534448,true,51.51505991,false,703,0
false,"Battersea Church Road, Battersea",16,-0.174347066,true,51.47696496,false,700,7
false,"Vicarage Crescent, Battersea",2,-0.176267008,true,51.47287627,false,701,28
false,"Shoreditch Court, Haggerston",5,-0.070329419,true,51.53908372,false,698,29
false,"Belford House, Haggerston",20,-0.07023031,true,51.5366541,false,699,17
false,"Charing Cross Hospital, Hammersmith",11,-0.217995921,true,51.48728535,false,696,9
false,"Charlotte Terrace, Angel",0,-0.112721065,true,51.53639219,false,697,25
false,"Putney Rail Station, Putney",9,-0.216526155,true,51.46071722,false,694,10
false,"Islington Green, Angel",3,-0.102757578,true,51.53638435,false,695,18
false,"Cadogan Close, Victoria Park",6,-0.028941601,true,51.54211855,false,692,16
false,"Felsham Road, Putney",1,-0.215618902,true,51.464786,false,693,17
false,"Stanley Grove, Battersea",11,-0.152130083,true,51.47047503,false,690,13
false,"Erin Close, Walham Green",5,-0.195777222,true,51.47946386,false,691,18
false,"Northfields, Wandsworth",7,-0.20066766,true,51.46095151,false,688,21
false,"Spanish Road, Wandsworth",22,-0.180884959,true,51.45922541,false,689,7
false,"Simpson Street, Battersea",1,-0.17070367,true,51.47084722,false,653,23
false,"Evesham Street, Avondale",26,-0.218190203,true,51.51148696,false,652,3
false,"Crabtree Lane, Fulham",20,-0.219346128,true,51.48294452,false,655,7
false,"Ashmole Estate, Oval",18,-0.117661574,true,51.48267821,false,654,16
false,"World's End Place, West Chelsea",13,-0.18027465,true,51.48180515,false,649,8
false,"Peterborough Road, Sands End",19,-0.19627483,true,51.46904022,false,648,10
false,"Thorndike Close, West Chelsea",17,-0.183853573,true,51.48089844,false,651,8
false,"St. Mark's Road, North Kensington",11,-0.213872396,true,51.51687069,false,650,11
false,"Great Suffolk Street, The Borough",3,-0.100292412,true,51.50173215,false,645,18
false,"Rainville Road, Hammersmith",13,-0.223852256,true,51.48373225,false,644,20
false,"Richmond Way, Shepherd's Bush",10,-0.217515071,true,51.50035306,false,647,17
false,"Buckingham Gate, Westminster",12,-0.137424571,true,51.49886563,false,646,4
false,"Archbishop's Park, Waterloo",20,-0.117495865,true,51.49824168,false,641,3
false,"Silverthorne Road, Battersea",11,-0.148059277,true,51.47286577,false,640,17
false,"All Saints' Road, Portobello",11,-0.204764421,true,51.5190427,false,643,11
false,"Fawcett Close, Battersea",25,-0.174485792,true,51.46916161,false,642,11
false,"Ravenscourt Park Station, Hammersmith",5,-0.236769936,true,51.49422354,false,668,20
false,"Ashley Crescent, Battersea",11,-0.152248582,true,51.46718562,false,670,17
false,"Parsons Green Station, Parsons Green",44,-0.201968,true,51.475089,false,671,12
false,"Austin Road, Battersea",7,-0.155442787,true,51.474376,false,664,17
false,"Smugglers Way, Wandsworth",17,-0.191722864,true,51.46108367,false,665,11
false,"Olympia Way, Olympia",26,-0.208158259,true,51.49610093,false,666,12
false,"
      Shepherd's Bush Road North, Shepherd's Bush
    ",14,-0.222293381,true,51.5015946,false,667,20
false,"West Kensington Station, West Kensington",0,-0.206029743,true,51.49087074,false,660,21
false,"All Saints Church, Portobello",13,-0.202608612,true,51.51632095,false,661,23
false,"Phene Street, Chelsea",20,-0.167919869,true,51.48498496,false,662,4
false,"Clarendon Road, Avondale",17,-0.211593602,true,51.51323001,false,663,7
false,"Broomhouse Lane, Parsons Green",6,-0.199135704,true,51.46841875,false,656,23
false,"Blythe Road West, Shepherd's Bush",16,-0.221791552,true,51.4996806,false,657,3
false,"Ethelburga Estate, Battersea Park",11,-0.16478637,true,51.47729232,false,658,19
false,"Grant Road West, Clapham Junction",41,-0.174619404,true,51.46437067,false,659,15
false,"Ormonde Gate, Chelsea",1,-0.161765173,true,51.48796408,false,747,23
false,"Lots Road, West Chelsea",15,-0.17903854,true,51.4795738,false,746,9
false,"Upcerne Road, West Chelsea",3,-0.18243547,true,51.47816972,false,745,26
false,"Ingrave Street, Battersea",14,-0.172293499,true,51.46745485,false,744,16
false,"Newton Street, Covent Garden",23,-0.120909408,true,51.51612862,false,751,0
false,"Culvert Road, Battersea",11,-0.157850096,true,51.4710956,false,750,16
false,"Haggerston Road, Haggerston ",4,-0.074284675,true,51.53932857,false,749,33
false,"Hertford Road, De Beauvoir Town",0,-0.079201849,true,51.53727795,false,748,25
false,"Hortensia Road, West Brompton",10,-0.185273723,true,51.48176572,false,739,18
false,"Imperial Road, Sands End",9,-0.187278987,true,51.47514228,false,738,28
false,"Fulham Broadway, Walham Green",5,-0.19411695,true,51.47993289,false,737,20
false,"Queensdale Road, Shepherd's Bush",13,-0.216104479,true,51.50659035,false,736,18
false,"Oxford Road, Putney",6,-0.212607684,true,51.46079243,false,743,22
false,"Blenheim Crescent, Ladbroke Grove",7,-0.208565479,true,51.51510818,false,742,15
false,"Freston Road, Avondale",16,-0.219486603,true,51.5129814,false,741,6
false,"Sirdar Road, Avondale",5,-0.214594781,true,51.51092871,false,740,20
false,"Storey's Gate, Westminster",11,-0.129698963,true,51.50070305,false,762,10
false,"Mile End Park Leisure Centre, Mile End",37,-0.032566533,true,51.52059714,false,763,10
false,"Rossmore Road, Marylebone",16,-0.163795009,true,51.52526975,false,760,2
false,"Humbolt Road, Fulham",7,-0.211860644,true,51.48321729,false,761,19
false,"Ram Street, Wandsworth",5,-0.192165613,true,51.45752945,false,766,20
false,"Wandsworth Museum, Wandsworth",23,-0.200806304,true,51.45705988,false,767,7
false,"St. John's Road, Clapham Junction",0,-0.16829214,true,51.46239255,false,764,33
false,"Ranelagh Gardens, Fulham",33,-0.20682737,true,51.46760141,false,765,6
false,"Grenfell Road, Avondale",15,-0.214762686,true,51.5129006,false,754,9
false,"The Vale, Chelsea",23,-0.174971902,true,51.48512191,false,755,0
false,"Manfred Road, East Putney",13,-0.20600248,true,51.45816465,false,752,16
false,"Hammersmith Town Hall, Hammersmith",19,-0.234094148,true,51.49263658,false,753,9
false,"Westbourne Park Road, Portobello",1,-0.201005397,true,51.51787005,false,758,22
false,"Broadley Terrace, Marylebone",7,-0.165668686,true,51.52456169,false,759,11
false,"Prince of Wales Drive, Battersea Park",4,-0.159169801,true,51.47515398,false,756,17
false,"Harcourt Terrace, West Brompton",8,-0.187404506,true,51.48795853,false,757,16
false,"Hawley Crescent, Camden Town",9,-0.14326094,true,51.54100708,false,713,13
false,"Mile End Stadium, Mile End",7,-0.034903714,true,51.51854104,false,712,15
false,"Aylward Street, Stepney",5,-0.049067243,true,51.51563007,false,715,17
false,"Stewart's Road, Nine Elms",5,-0.137235175,true,51.47311696,false,714,23
false,"Dunston Road , Haggerston",12,-0.075885686,true,51.53658514,false,717,31
false,"Stainsby Road , Poplar",2,-0.02356501,true,51.51542791,false,716,22
false,"Victoria Park Road, Hackney Central",1,-0.054162264,true,51.53642464,false,719,33
false,"Ada Street, Hackney Central",0,-0.060291813,true,51.53571683,false,718,45
false,"Upper Richmond Road, East Putney",20,-0.212145939,true,51.45971528,false,705,5
false,"Mexfield Road, East Putney",4,-0.202802098,true,51.45682071,false,704,14
false,"Barons Court Station, West Kensington",32,-0.215087092,true,51.49021762,false,707,0
false,"Snowsfields, London Bridge",4,-0.083632928,true,51.50215353,false,706,27
false,"Montserrat Road , Putney",2,-0.215550761,true,51.46321128,false,709,21
false,"Disraeli Road, Putney",5,-0.21614583,true,51.46161068,false,708,25
false,"Everington Street, Fulham",20,-0.216305546,true,51.48335692,false,711,11
false,"Albert Bridge Road, Battersea Park",0,-0.163347594,true,51.47439218,false,710,20
false,"Putney Bridge Road, East Putney",27,-0.206240805,true,51.46199911,false,728,2
false,"St. Peter's Terrace, Fulham",1,-0.208485293,true,51.47893931,false,729,23
false,"Bridge Avenue, Hammersmith",12,-0.229116862,true,51.49208492,false,730,5
false,"Michael Road, Walham Green",19,-0.189210466,true,51.47727637,false,731,18
false,"Duke Street Hill, London Bridge",15,-0.087262995,true,51.50630441,false,732,5
false,"Park Lane, Mayfair",18,-0.150817316,true,51.50542628,false,733,0
false,"Plough Terrace, Clapham Junction",15,-0.175407201,true,51.46230566,false,734,15
false,"Grant Road East, Clapham Junction",5,-0.17302926,true,51.46489445,false,735,29
false,"Star Road, West Kensington",10,-0.205279052,true,51.48724429,false,720,14
false,"Wendon Street, Old Ford",5,-0.026262677,true,51.53603947,false,721,12
false,"Finnis Street, Bethnal Green",10,-0.058631453,true,51.52458353,false,722,9
false,"Stephendale Road, Sands End",4,-0.190346493,true,51.46822047,false,723,42
false,"Alma Road, Wandsworth",20,-0.184806157,true,51.45799126,false,724,8
false,"Thessaly Road North, Nine Elms",2,-0.138748723,true,51.47732253,false,725,26
false,"Alfreda Street, Battersea Park",2,-0.150908371,true,51.47505096,false,726,20
false,"Chesilton Road, Fulham",19,-0.20587627,true,51.47569809,false,727,4
false,"Hurlingham Park, Parsons Green",4,-0.20464,true,51.470131,false,774,16
false,"Little Brook Green, Brook Green",26,-0.223868,true,51.496664,false,775,6
false,"Binfield Road, Stockwell",0,-0.122831913,true,51.47250956,false,772,34
false,"Tallis Street, Temple",22,-0.107349,true,51.511891,false,773,1
false,"Gwendwr Road, West Kensington",19,-0.209121,true,51.491026,false,770,11
false,"Rifle Place, Avondale",15,-0.216016,true,51.509224,false,771,6
false,"Clapham Common Northside, Clapham Common",6,-0.159322467,true,51.46134382,false,768,30
false,"Sandilands Road, Walham Green",6,-0.191803,true,51.473611,false,769,15
false,"Abyssinia Close, Clapham Junction",7,-0.167029,true,51.460333,false,776,13
false,"Limburg Road, Clapham Common",0,-0.165297856693,true,51.4619230679,false,777,20
